id,sourceid,name,party,area,seat,start
0257612529618,f1484855-05d7-498f-8872-5a0c33ad535b,Kenneth G Forslund,S,Västra Götalands läns västra,1,2022-09-26
0638497389621,04727b66-64cd-4880-be85-dc8fe873bf8d,Julia Kronlid,SD,Stockholms län,2,2022-09-26
0155487380917,4a514760-f0a7-47a7-8a51-91bd46693df7,Kerstin Lundgren,C,Stockholms län,3,2022-09-26
0744993950910,d7c3235d-83e4-11d4-ae60-0050040c9b55,Anders Ygeman,S,Stockholms kommun,4,2022-10-18
0970259744617,d7c329da-83e4-11d4-ae60-0050040c9b55,Margareta Cederfelt,M,Stockholms kommun,5,2022-09-26
0607691439013,d7c32504-83e4-11d4-ae60-0050040c9b55,Karin Enström,M,Stockholms län,6,2022-09-26
014744660015,70b5dfce-7871-4e6e-b0bf-a0d482fa4c6b,Mikael Damberg,S,Stockholms län,7,2022-10-18
0262525788220,2acd09b7-1877-4ba1-b9a3-64ebea6f065b,Johanna Hornberger,M,Stockholms län,8,2022-10-18
0653904370212,bc5c4354-fca3-4071-8096-acd9b7b1d09a,Fredrik Olovsson,S,Södermanlands län,9,2022-10-18
0729710260118,a65ace9d-bbae-43cd-8a21-119c8b3b0bfb,Helena Bouveng,M,Jönköpings län,10,2022-09-26
0412148992926,ed3399e1-7bce-4ea4-baf6-587f722710f5,Hanna Westerén,S,Gotlands län,11,2022-09-26
0250583732424,2f1a9d57-c488-4c8f-89cb-c1fb7e735170,Jesper Skalberg Karlsson,M,Gotlands län,12,2022-09-26
0545733815610,6aa5f2eb-568a-4853-a925-65fee736b037,Patrick Reslow,SD,Malmö kommun,13,2022-09-26
0639398547124,4ee449e9-0492-4408-ba0b-0db6ad5b0803,Bassem Nasr,MP,Malmö kommun,14,2022-11-07
0980681611418,ef84acf4-4f56-45d9-9951-1c8ba4098302,Hans Wallmark,M,Skåne läns norra och östra,15,2022-09-26
0452755722723,06d7c195-c170-4103-bcc6-1d9c0d43b169,Björn Söder,SD,Skåne läns norra och östra,16,2022-09-26
0875221317013,11d950d5-e41f-4e94-af86-ae8a1996d81b,Gunilla Carlsson,S,Göteborgs kommun,17,2022-09-26
0499755198526,9ae916dd-799d-4d2b-80c4-f00bc5a7344d,Mattias Jonsson,S,Göteborgs kommun,18,2022-09-26
069309987221,31ae8846-ad0b-4ff2-aaf7-72b398d1fb5a,Johan Hultberg,M,Västra Götalands läns norra,19,2022-09-26
0412502344925,8e2f51ce-da1c-4832-9708-20fd1923b2f3,Ida Ekeroth Clausson,S,Västra Götalands läns östra,20,2022-09-26
0516528386117,8a5b8260-f6d5-4d17-af0b-a339cd40470e,Patrik Björck,S,Västra Götalands läns östra,21,2022-09-26
0937688366013,8fdcd2db-91db-4cba-ae0c-258061f5ed59,Peter Hultqvist,S,Dalarnas län,22,2022-10-18
0229760896014,6ad91da1-1287-4e8f-9778-3315390fdfca,Anders Jonsson,C,Gävleborgs län,23,2022-09-26
0956444284814,56698f88-e33a-41fe-9c62-a9c53b3e793d,Per Bolund,MP,Stockholms kommun,24,2022-09-26
0723133822026,645d7ec6-f5b4-4aa7-894c-bb86da008bae,Carl Nordblom,M,Stockholms kommun,25,2022-10-18
0992420223820,acdaa4aa-20f2-49a0-b929-0862f4bd6826,Jessica Rosencrantz,M,Stockholms kommun,26,2022-09-26
0766496753128,cf017275-5272-4506-a686-4e1d8edc5ab6,Fredrik Malm,L,Stockholms län,27,2022-09-26
0313390540217,9cd4ce1a-c1f5-4743-aed6-8e60569e9947,Ingela Nylund Watz,S,Stockholms län,28,2022-09-26
0245468368228,533ec261-0b17-4458-b6bd-e3e7e2cad6d6,Yusuf Aydin,KD,Stockholms län,29,2022-11-08
0592345073323,29ba1ada-536f-4fd9-8d87-d96c7ac21f2d,Anna Sillén,M,Södermanlands län,30,2022-10-18
0537400268911,ae67201e-c2ea-4c8d-8a62-54f12be55778,Caroline Helmersson Olsson,S,Södermanlands län,31,2022-09-26
0475778011711,b6fe54d6-ffc7-4435-9326-5baf132b3338,Hans Ekström,S,Södermanlands län,32,2022-09-26
0862868280923,e234524d-e04b-448a-b609-05926a0a8b36,Annie Lööf,C,Jönköpings län,33,2022-09-26
051207517226,5ecb17ba-ebbe-4958-a142-a5134aff9808,Jimmie Åkesson,SD,Jönköpings län,34,2022-09-26
0121939297619,6a1b02dd-bdc4-4019-ab3e-dfeb133018ed,Jamal El-Haj,S,Malmö kommun,35,2022-09-26
0254695027922,f257311a-2900-4db5-a2e2-df250c764ad6,Malcolm Momodou Jallow,V,Malmö kommun,36,2022-09-26
0376395541120,4a486ea1-d97c-4393-9ada-2639140cfd46,Joakim Sandell,S,Malmö kommun,37,2022-09-26
0630820052511,0ba9f702-555f-419f-89fb-7e1234ae1171,Per-Arne Håkansson,S,Skåne läns norra och östra,38,2022-09-26
0641953830512,de52ae16-706b-4138-a194-aec42fd28aab,Magnus Persson,SD,Skåne läns norra och östra,39,2022-09-26
0132818093422,a57d39bb-9f60-4def-ab90-97791ec56447,Rickard Nordin,C,Göteborgs kommun,40,2022-09-26
0170585430421,c63331e9-02ca-4f71-a7de-9a17e2ec4ac4,Jimmy Ståhl,SD,Göteborgs kommun,41,2022-09-26
0198917587520,9d6489d6-6fa5-4420-9224-8968abaa569c,Maj Karlsson,V,Göteborgs kommun,42,2022-09-26
0204240926023,8a9f3c8c-8ce8-4a17-9e57-0109af47efcc,Markus Wiechel,SD,Västra Götalands läns norra,43,2022-09-26
0836001490919,8c343e73-ddab-428a-87aa-0ab8e2879ce4,Ulrika Heie,C,Västra Götalands läns östra,44,2022-09-26
0828721176319,641344b2-dc65-4282-b308-8fca005983a1,Sten Bergheden,M,Västra Götalands läns östra,45,2022-09-26
0387230530213,392a2ddd-593e-430b-9181-794b99a1ec7c,Crister Carlsson,M,Dalarnas län,46,2022-10-18
0365748677411,3c0112b7-fdd4-4f06-833b-a27c93d6efdf,Mats Nordberg,SD,Dalarnas län,47,2022-09-26
0588282566419,db90fc94-9496-4748-9b84-bcfadc24af74,Lars Beckman,M,Gävleborgs län,48,2022-09-26
0773497241728,dd0d47ea-5e71-4ec9-b987-3261320ac857,Roger Hedlund,SD,Gävleborgs län,49,2022-09-26
014386615025,979e9852-69ed-4077-8140-52ab99414a6c,Ali Esbati,V,Stockholms kommun,50,2022-09-26
0246927519019,b250135d-d424-497a-8484-36cb6c0dbf3d,Karin Rågsjö,V,Stockholms kommun,51,2022-09-26
0932000030511,ee32e119-fdfe-4e00-b136-b2102d79b2a6,Maria Stockhaus,M,Stockholms län,52,2022-09-26
098412828516,dcc2ab7d-3fc1-4a28-b3c7-be1679c047b3,Magdalena Andersson,S,Stockholms län,53,2022-10-18
0376353897112,bdd26f21-dca7-4e7c-af32-131937aa539b,Leif Nysmed,S,Stockholms län,54,2022-09-26
0802546764724,73281fee-b276-4150-8cf0-fd3368b3c5c6,Åsa Westlund,S,Stockholms län,55,2022-09-26
0831039938224,db2ca6ff-5620-4ece-8d31-97777f2efb48,Adam Marttinen,SD,Södermanlands län,56,2022-09-26
0122987223112,4468626c-27a1-46c7-b530-f346b70b753b,Lotta Johnsson Fornarve,V,Södermanlands län,57,2022-09-26
033935884729,5f965f4e-69e5-489d-99bf-a8908fc3e34a,Martina Johansson,C,Södermanlands län,58,2022-09-26
0838085832923,16c58b85-7b9a-4f36-9160-3a40680f433c,Ann-Sofie Lifvenhage,M,Södermanlands län,59,2022-09-26
0538387395826,d5c26045-6fd1-4c05-8f97-7195e1e324ff,Mats Green,M,Jönköpings län,60,2022-09-26
0652497579621,a1d94b24-2d7f-4d84-99fb-ca161ba77f78,Johanna Haraldsson,S,Jönköpings län,61,2022-09-26
0587736055221,1512b21b-9312-41bc-80ed-f4f0e58f1de4,Niels Paarup-Petersen,C,Malmö kommun,62,2022-09-26
0793372891224,2d211f58-34b9-44c9-b2f0-def45ed3e03c,Noria Manouchi,M,Malmö kommun,63,2022-09-26
0468956880528,cf98df89-2103-40cc-8524-b2df33125a3f,Mikael Eskilandersson,SD,Skåne läns norra och östra,64,2022-09-26
0410231576416,e4e65a06-a65b-43d5-9ce1-f2d8a8f2cc37,Lars Johnsson,M,Skåne läns norra och östra,65,2022-10-18
0111479807829,200035cd-228a-4afa-8849-844f2c1e35fb,Anna Wallentheim,S,Skåne läns norra och östra,66,2022-09-26
0880018341619,ee4900a4-1434-4ae5-8ddf-4f18755e02cc,Thomas Morell,SD,Skåne läns norra och östra,67,2022-09-26
0877778793323,90110ece-022e-4e0f-bb4e-f5102900fa9a,Johan Büser,S,Göteborgs kommun,68,2022-09-26
0223069839622,99a5ca75-949e-470a-9b44-e2cdbcec920b,Robert Hannah,L,Göteborgs kommun,69,2022-09-26
0974061238314,ee75e6d6-b026-4d65-a54e-f02861c80721,Paula Holmqvist,S,Västra Götalands läns norra,70,2022-09-26
0977592683711,d7c3282f-83e4-11d4-ae60-0050040c9b55,Magnus Jacobsson,KD,Västra Götalands läns norra,71,2022-09-26
0174490514929,7e0f8999-6a4e-4e2c-835b-eaa2c1a526d7,Marcus Andersson,S,Västra Götalands läns östra,72,2022-11-14
0281670919717,086bff3d-8adb-47c2-b5dc-86d4a9f1b191,Jörgen Grubb,SD,Västra Götalands läns östra,73,2022-09-26
0112333043027,bab0f33c-507a-4e6f-a3f7-7239c46732a2,Rasmus Giertz,SD,Dalarnas län,74,2022-09-26
023732429721,939a9917-d0d3-40cc-bef4-96d29d140fdf,Sofie Eriksson,S,Dalarnas län,75,2022-09-26
0822010116020,0f87cae0-af18-4754-b8c2-0e3d09692fc4,Jim Svensk Larm,S,Gävleborgs län,76,2022-11-01
0796312429425,7cdc7712-4bb7-4361-8b72-8f98a111d0c5,Viktor Wärnick,M,Gävleborgs län,77,2022-09-26
0911916463828,19d6281a-a1fc-4399-9631-89acf6420f42,Fredrik Lundh Sammeli,S,Norrbottens län,78,2022-09-26
0825441263617,a2c4e9f3-6d4a-4994-9351-66ce4c752905,Birger Lahti,V,Norrbottens län,79,2022-09-26
0138741628520,9d68c0c3-2102-402d-998f-dc56a410d19d,Angelika Bengtsson,SD,Stockholms kommun,80,2022-09-26
037561614928,285a3d5f-cb32-4958-9b7c-1545b2faff18,Lawen Redar,S,Stockholms kommun,81,2022-09-26
04571388712,cbde60e5-7333-4e7c-8582-2dba9808983e,Adam Reuterskiöld,M,Stockholms län,82,2022-10-18
0294138886823,57cbe134-829b-4fb8-9cc1-ce2f1cd02f3b,Martin Kinnunen,SD,Stockholms län,83,2022-09-26
0721509806321,78d79a96-956f-4ac3-bbf7-2b15b3d86ce7,Nooshi Dadgostar,V,Stockholms län,84,2022-09-26
0496341906327,f96150c2-6e1c-4e3f-bc7f-2503f3cc9ede,Alexandra Völker,S,Stockholms län,85,2022-09-26
0521260619925,359e75f3-519e-49d7-b155-ada488e621ea,Sofia Amloh,S,Södermanlands län,86,2022-09-26
0348383585915,f0f874f4-1281-4ff5-95d1-005a55eb5776,Marielle Lahti,MP,Södermanlands län,87,2022-11-01
0612916684825,eaf0fa85-8858-4e0e-97d8-daee0a771d1f,Johan Löfstrand,S,Östergötlands län,88,2022-09-26
0611350076611,703f879e-0584-42da-bc98-b34333d3fadf,Susanne Nordström,M,Östergötlands län,89,2022-09-26
02910042914,10b75fcf-dbac-4fba-9773-7e8889c237b2,Carina Ödebrink,S,Jönköpings län,90,2022-09-26
0302393368216,f35d1113-d26c-4e3f-aec4-b175d31d384f,Camilla Rinaldo Miller,KD,Jönköpings län,91,2022-10-24
0236597884217,cec58a3b-4801-40f0-8f41-1a4c0e301f88,Rose-Marie Carlsson,S,Malmö kommun,92,2022-09-26
0191189790215,d47e2539-1077-4182-bdb1-d4873dda8583,Peter Ollén,M,Malmö kommun,93,2022-09-26
0405594274208,ce71b03c-18ac-422f-a9e8-30e35b3d5bfa,Ewa Pihl Krabbe,S,Skåne läns norra och östra,94,2022-09-26
0121015874810,17625b6d-3622-4c4c-b6e5-9d347af8cc01,Torsten Elofsson,KD,Skåne läns norra och östra,95,2022-09-26
0339894357417,4c6f215d-de3a-452d-83b5-f472b8668b7e,Jennie Nilsson,S,Hallands län,96,2022-09-26
0442629549320,2eb5b5ce-2e8c-4063-a2c2-d03b50ff4c5d,Adnan Dibrani,S,Hallands län,97,2022-09-26
0344222203323,13a59e93-95fe-45fb-b7b5-a76f8181cb4f,Dennis Dioukarev,SD,Göteborgs kommun,98,2022-09-26
0810852280213,ddbc56dc-35aa-4c01-828c-5a117e4f2682,Marie-Louise Hänel Sandström,M,Göteborgs kommun,99,2022-09-26
0720250789315,d235dd08-8b15-4e31-aec7-b380a1c1ac0b,Mats Wiking,S,Västra Götalands läns norra,100,2022-09-26
028954589415,f91f6a86-591c-449c-b3dd-1fdaa86338cd,Ann-Sofie Alm,M,Västra Götalands läns norra,101,2022-09-26
0635943298419,7673ff22-b111-483a-99cc-ca77f8cdda38,Dan Hovskär,KD,Västra Götalands läns östra,102,2022-10-18
086684470825,5763c159-5105-47b3-82fb-9cc7dc20dc7d,Tobias Andersson,SD,Västra Götalands läns östra,103,2022-09-26
083953568015,90a36b36-2870-4c28-8df1-637a2eb12e8e,Malin Höglund,M,Dalarnas län,104,2022-09-26
0627450126815,c3c2df0f-3fa1-4a0a-8519-0043d858af2e,Kajsa Fredholm,V,Dalarnas län,105,2022-09-26
0433422973328,9842d41a-513d-4030-9799-7a44b6d775ce,Kristoffer Lindberg,S,Gävleborgs län,106,2022-09-26
0845133742919,8bcaa801-9273-4771-a048-4427477353c6,Lili André,KD,Gävleborgs län,107,2022-09-26
0509830681123,7891a68a-bcbd-43a3-bd8b-90bdbb040f45,Ida Karkiainen,S,Norrbottens län,108,2022-10-18
0706528359123,d17ef55a-9e3b-4a4d-894e-d57c7fb4973f,Linus Sköld,S,Norrbottens län,109,2022-09-26
0911067396229,b20fb0ab-e161-4d7a-acc9-57c3923d5456,Mattias Vepsä,S,Stockholms kommun,110,2022-09-26
0502490570219,8cafb7dc-dbdd-4ac4-bd56-1e4e75daa4a6,Kristina Axén Olin,M,Stockholms kommun,111,2022-09-26
0604811710522,e8a2c04d-a186-421b-b1fd-a401f0917673,Ida Drougge,M,Stockholms län,112,2022-09-26
07012286624,b00db2a8-378a-440c-982e-af62d234ed95,Daniel Riazat,V,Stockholms län,113,2022-09-26
0955748436811,0cb27c59-4f9e-4d84-a8e2-f45325b5a93c,Robert Stenkvist,SD,Stockholms län,114,2022-09-26
0474290584024,c325b529-3455-44a2-acd2-597698b321a6,Azadeh Rojhan,S,Stockholms län,115,2022-09-26
0973782197017,d7c3256b-83e4-11d4-ae60-0050040c9b55,Mikael Oscarsson,KD,Uppsala län,116,2022-09-26
0671571847522,fc08ef89-9166-4a91-bf69-0bfb4effae05,Mattias Eriksson Falk,SD,Södermanlands län,117,2022-09-26
0964730940415,fff74c6c-fae3-4977-a472-cfe2b6ae257a,Johan Andersson,S,Östergötlands län,118,2022-09-26
0772402807013,06776272-4f62-44c7-9011-f66349279c88,Sven-Olof Sällström,SD,Östergötlands län,119,2022-09-26
037781229619,5c165eb8-a2d3-4991-8732-430ea585d763,Staffan Eklöf,SD,Jönköpings län,120,2022-09-26
010643534813,a7390cef-27c2-4068-800d-ee21b1a94c69,Eric Westroth,SD,Jönköpings län,121,2022-09-26
0111697351426,b0869471-2089-4596-9137-ddc9efd91555,Louise Eklund,L,Malmö kommun,122,2022-09-26
0136268785826,43254ea9-ce3e-4cd4-a60c-c6216027d61b,Nima Gholam Ali Pour,SD,Malmö kommun,123,2022-09-26
0473783431010,d7c32690-83e4-11d4-ae60-0050040c9b55,Morgan Johansson,S,Skåne läns södra,124,2022-10-18
0105632258713,d3628aa4-ea6a-4466-8e2c-f3d0cb2d9cad,Boriana Åberg,M,Skåne läns södra,125,2022-09-26
0992473266516,e238e06a-acac-4fae-829c-1773ee851878,Larry Söder,KD,Hallands län,126,2022-09-26
0227531635413,9f5c5d35-c450-4068-923a-2d8d077223d5,Lars Püss,M,Hallands län,127,2022-09-26
0503029811325,5d9734c8-d757-4862-8f2e-c292824120a7,David Josefsson,M,Göteborgs kommun,128,2022-09-26
0309480686522,5997ba96-4f01-46f4-8bd8-e1411a9d503b,Leila Ali Elmi,MP,Göteborgs kommun,129,2022-12-15
0202577142527,8c4af927-7bb6-4012-9b46-12adb641f556,Matheus Enholm,SD,Västra Götalands läns norra,130,2022-09-26
0905254899611,ee34af33-039e-4eaa-b7dc-819721bb8ce9,Louise Thunström,S,Västra Götalands läns norra,131,2022-09-26
0834510274913,c3f37b2d-c8a6-430f-8617-8f1cadd8354d,Charlotte Nordström,M,Västra Götalands läns östra,132,2022-09-26
0427321850912,3badc18d-3c4a-4068-921a-b5fa8a9652d6,Lars Mejern Larsson,S,Värmlands län,133,2022-09-26
0440673458216,c9f2dae4-4f93-4363-98c6-c20adf4ba794,Ulrika Liljeberg,C,Dalarnas län,134,2022-09-26
0515213566019,2db22586-e7ae-4d0a-ac59-6a3a99b8e364,Lars Isacsson,S,Dalarnas län,135,2022-09-26
0340418158820,b725f381-ad0b-4ab1-8bc9-7a72d89700e2,Daniel Persson,SD,Gävleborgs län,136,2022-09-26
0939158389321,f4d32014-bd1a-4983-8ab3-83b327d2fd2e,Samuel Gonzalez Westling,V,Gävleborgs län,137,2022-09-26
091303475611,fc3b3864-8e29-4fd4-ae65-fe387f3f6f4b,Eric Palmqvist,SD,Norrbottens län,138,2022-09-26
0522054204918,951f7039-b277-4696-ab49-7f0df0f39d1a,Mattias Karlsson,M,Norrbottens län,139,2022-09-26
0494843794418,1e70f7df-dd11-410b-941a-bcac14e919a8,Martin Ådahl,C,Stockholms kommun,140,2022-09-26
0852475703226,d3874590-31fb-4743-8d55-2565df5ed8af,Lorena Delgado Varas,V,Stockholms kommun,141,2022-09-26
0530425150220,83b5647b-ccf4-4398-aefb-6d93152f951b,Annika Strandhäll,S,Stockholms kommun,142,2022-10-18
0256716955026,f2597c6d-8286-457a-9d62-6243f260af40,Serkan Köse,S,Stockholms län,143,2022-09-26
0613297818326,2091e357-e195-430b-8dab-7e13732ffa41,Mathias Tegnér,S,Stockholms län,144,2022-09-26
0819601620927,a9346ffe-2c1f-4e2b-b686-d8248a3d0db2,Annika Hirvonen,MP,Stockholms län,145,2022-09-26
0327372175911,8403346f-0f0c-4d48-bbd0-f6b43b368873,Fredrik Ahlstedt,M,Uppsala län,146,2022-10-18
0922497728524,b2bb1d34-0f20-4daf-b26e-8916bb911075,Ardalan Shekarabi,S,Uppsala län,147,2022-10-18
0792733370419,0d218eb6-6294-4587-8abf-be0a351d7213,Magnus Oscarsson,KD,Östergötlands län,148,2022-09-26
0860364634014,df8c5ae3-43e8-4d8a-bf64-67b9a78fef66,Mattias Ottosson,S,Östergötlands län,149,2022-09-26
0776705932527,b34f05f5-d73a-428c-88a1-4e112c650498,Ciczie Weidby,V,Jönköpings län,150,2022-09-26
0409655917321,cf93a30c-7563-418e-a111-60d31ad24bcc,Jakob Olofsgård,L,Jönköpings län,151,2022-09-26
0803753212716,ea8bae0d-0db4-4c68-b59f-3ba83d5f445d,Richard Jomshof,SD,Blekinge län,152,2022-09-26
0938171000810,e4cfb8c9-7917-4e38-9e9d-f34492438ec4,Annette Rydell,S,Blekinge län,153,2022-10-05
0397073482210,327ef4fd-e9a9-46d3-8e10-3267001f3be6,Camilla Mårtensen,L,Skåne läns södra,154,2022-10-18
0341628241813,d9f971a1-12ab-4a01-8cb6-2d2d6a9e0791,Marianne Fundahn,S,Skåne läns södra,155,2022-09-26
0930305890123,8380b7c7-5994-4ea9-be2d-f404736dc0b8,Sara-Lena Bjälkö,SD,Hallands län,156,2022-09-26
0575283695521,d36827d1-ca61-4bf0-8482-7e9db375cb43,Helena Storckenfeldt,M,Hallands län,157,2022-09-26
0398471271026,9d99df27-bae2-45b7-b31f-c69aca91b024,Frida Tånghag,V,Göteborgs kommun,158,2023-01-09
0880137451720,3dab7025-7152-4c7f-bd60-eb6a1de42c3b,Emma Nohrén,MP,Göteborgs kommun,159,2022-09-26
0940980416614,5c11ef9b-d56d-4e85-8cc6-800f0257548a,Jan Ericson,M,Västra Götalands läns södra,160,2022-09-26
0274462857213,7826c819-d0da-4e4a-a16b-ffa3d8e9b155,Petter Löberg,S,Västra Götalands läns södra,161,2022-09-26
0801311569314,434f8fc8-eb9d-4364-99f6-63f1ef873561,Gunilla Svantorp,S,Värmlands län,162,2022-09-26
0665485817222,d9b65520-dba2-4ec1-a124-d89d667ebf37,Daniel Bäckström,C,Värmlands län,163,2022-09-26
035234573112,462f864f-60c8-4466-b12f-8066d7d8a001,Anna-Lena Blomkvist,SD,Dalarnas län,164,2022-09-26
069534526423,75d88062-5bda-4ead-9b9e-3f90184afa11,Mathias Bengtsson,KD,Dalarnas län,165,2022-09-26
0859909330720,c201c018-27e1-4f3f-88b1-4ab748edf883,Sanna Backeskog,S,Gävleborgs län,166,2022-09-26
0456522027421,234d4dfe-48a4-44d3-8ff0-323454d8cc68,Linnéa Wickman,S,Gävleborgs län,167,2022-09-26
0178323535715,ac31f20a-3134-4fc2-9345-99131f4a2ec9,Johnny Svedin,SD,Norrbottens län,168,2022-09-26
0442073683012,099eed69-c31e-4301-9fc8-9bd5b2c1396c,Zara Leghissa,S,Norrbottens län,169,2022-09-26
0378597308227,86c365a5-452c-4bca-8871-45bf67a44645,Camilla Brodin,KD,Stockholms kommun,170,2022-09-26
025158809026,964e3aff-b4df-4f49-acc1-3bba2afc2f80,Ida Gabrielsson,V,Stockholms kommun,171,2022-09-26
0522240580423,2658d745-0315-41b7-926c-f136a7803b88,Arin Karapet,M,Stockholms kommun,172,2022-09-26
0406831930624,1d7d8c9a-7879-4be3-8554-745991b615d2,Henrik Vinge,SD,Stockholms kommun,173,2022-09-26
0832311880029,0f90ef03-a652-45a1-b697-39a33b32e512,Erik Ottoson,M,Stockholms län,174,2022-09-26
0800956862429,9d13985d-9d6c-4cba-8492-1155d94fbe69,Gulan Avci,L,Stockholms län,175,2022-09-26
0502688311316,fb0337ec-a1b0-440e-b9b4-a48e99fd415c,Anna Vikström,S,Stockholms län,176,2022-09-26
0866055333028,8310e472-996b-4c8a-bce5-4d09fb20a66a,Alexandra Anstrell,M,Stockholms län,177,2022-09-26
0506541436524,1d28738c-16d7-48f3-bb2a-e8cdcf348ca1,Sanne Lennström,S,Uppsala län,178,2022-09-26
075747847023,82c56b96-b106-4b16-958c-98b153d02639,Gustaf Lantz,S,Uppsala län,179,2022-09-26
0150118366721,1c03e794-a9a3-43d5-810a-7951e4c70901,Linda Westerlund Snecker,V,Östergötlands län,180,2022-09-26
0315499690028,3d764cf6-705b-460b-8226-df8f1226b27b,Teresa Carvalho,S,Östergötlands län,181,2022-09-26
0803790353229,77b55dda-a56c-4e88-b6a8-a6255ff783fb,Azra Muranovic,S,Jönköpings län,182,2022-09-26
0610162335824,1bd865a4-5123-43ed-9f82-18ded584c0f1,Niklas Sigvardsson,S,Jönköpings län,183,2022-09-26
0926214745119,a4581b8d-78fd-41c1-a55d-7fe9ed93c878,Heléne Björklund,S,Blekinge län,184,2022-09-26
0148424181819,3298ed49-917f-4230-8cf5-e10a70a93727,Ann-Christine From Utterstedt,SD,Blekinge län,185,2022-09-26
0810201628512,5ac51ad6-c8ea-4ce6-bcd5-b8609d6c058a,Ann-Charlotte Hammar Johnsson,M,Skåne läns västra,186,2022-09-26
0603753860213,96fd915b-03e4-436a-9fbd-879f0737d828,Carina Ståhl Herrstedt,SD,Skåne läns västra,187,2022-09-26
0254021157518,46472134-8e4e-4c65-856e-d401cad915dd,Lars Andersson,SD,Skåne läns södra,188,2022-09-26
0411459873625,8880da78-8ec1-41f7-96c7-f007375352ac,Hanna Gunnarsson,V,Skåne läns södra,189,2022-09-26
0184968091618,af49e862-937e-42ee-bc2f-06876c979dd6,Jan Riise,MP,Hallands län,190,2022-09-26
0371882294919,f07623f4-3f35-425a-a848-d9caf6949d50,Carita Boulwén,SD,Hallands län,191,2022-09-26
0240670797111,1bbbce35-b7b7-499c-815a-1005661bbe81,Björn Tidland,SD,Göteborgs kommun,192,2022-09-26
0737824098113,03e05e1c-c782-4df7-b206-dc79027702cd,Magnus Berntsson,KD,Göteborgs kommun,193,2022-09-26
0183544538819,0007cc9d-247c-4136-80d1-0bae44bd20ba,Patrik Jönsson,SD,Västra Götalands läns södra,194,2022-09-26
0828001951212,06f647f7-2937-4767-af38-04636afc040d,Ingemar Kihlström,KD,Västra Götalands läns södra,195,2022-09-26
065701062615,49cb272f-9347-407a-bac0-06403fbec5b5,Runar Filper,SD,Värmlands län,196,2022-09-26
0554852839719,4db15792-072c-456e-a46c-6d0cee07889e,Mikael Dahlqvist,S,Värmlands län,197,2022-09-26
011548866929,f3d46888-d821-4678-b931-af170a932f3c,Elin Nilsson,L,Örebro län,198,2022-10-18
0983984918111,8166bd73-bf10-4ef8-8e01-1975ca921c12,Matilda Ernkrans,S,Örebro län,199,2022-10-18
0879782396219,6d1640b5-12e6-41a3-82a2-a3e91c172cda,Olle Thorell,S,Västmanlands län,200,2022-09-26
055257333723,78e41c66-0d03-4914-9369-f03b795217e5,Oscar Sjöstedt,SD,Västmanlands län,201,2022-09-26
0519740099915,243f0434-ae15-41b4-92b6-146a0fb0700a,Saila Quicklund,M,Jämtlands län,202,2022-09-26
0211757295524,2131f2eb-348c-4b92-8e76-52c134d79919,Josef Fransson,SD,Jämtlands län,203,2022-12-13
0103624617217,13c0a836-8abf-453d-92d0-44d009c27f85,Helén Pettersson,S,Västerbottens län,204,2022-09-26
0506482805418,cebc9890-55f1-41ff-acc7-af2de3e4320e,Isak From,S,Västerbottens län,205,2022-09-26
0576122429317,99210e96-940b-4a89-9ce4-964d378087e1,Martin Melin,L,Stockholms kommun,206,2022-10-31
0603366539729,b25b78e6-540a-4b6d-8a54-e365587df379,Malin Danielsson,L,Stockholms kommun,207,2022-09-26
0425115010020,81e7b3dd-c260-45d1-89a7-ddd6cbe6582d,Kadir Kasirga,S,Stockholms kommun,208,2022-09-26
0770363683317,02b66d05-3a6a-4bdc-9f6b-b938c7cf24b0,Malin Björk,C,Stockholms kommun,209,2022-09-26
0497217816024,4da8bb6b-fc06-4f3a-ba25-f70dfe5eb5a7,Markus Selin,S,Stockholms län,210,2022-09-26
0779329190517,3ce8f147-129f-412c-b6ad-db566d53b1db,Kjell Jansson,M,Stockholms län,211,2022-09-26
0364687971222,4099ff9c-5d27-4605-b018-98fb229d94fa,Alireza Akhondi,C,Stockholms län,212,2022-09-26
0526748040023,5b6bef5c-75ce-4f53-894d-e89afd3b6799,Ludvig Aspling,SD,Stockholms län,213,2022-09-26
0229350341619,ffe5107b-dc51-4209-ae87-9eabf8fe014d,Ilona Szatmári Waldau,V,Uppsala län,214,2022-09-26
0161616238120,87042942-c4f6-46ff-9eac-fceaf25729d5,Lina Nordquist,L,Uppsala län,215,2022-09-26
0861521539920,fc43f0dc-4fc1-4e6e-ba11-5b74b20a12b2,Aron Emilsson,SD,Östergötlands län,216,2022-09-26
0780214960516,ee86b181-9f3b-4e03-8ef4-b96b1e79cd25,Eva Lindh,S,Östergötlands län,217,2022-09-26
0284192765516,d7c31fc6-83e4-11d4-ae60-0050040c9b55,Tomas Eneroth,S,Kronobergs län,218,2022-10-18
0831636664429,727e2213-ac97-4ceb-bfab-f228debd8074,Mattias Karlsson,SD,Kronobergs län,219,2022-09-26
0853395328224,3c5cc43c-e4cd-11d6-ae81-0004755038ce,Lena Hallengren,S,Kalmar län,220,2022-10-07
0220064764318,764a9da3-ff38-4fc2-b381-1a374f0af44d,Camilla Brunsberg,M,Blekinge län,221,2022-09-26
065105536026,b20fb574-b44c-42af-ae93-064dfabbffaf,Niklas Karlsson,S,Skåne läns västra,222,2022-09-26
0996640018922,69da57e0-b072-45d0-944a-aa5d3f9e3070,Yasmine Bladelius,S,Skåne läns västra,223,2022-09-26
0624040854527,280f9475-e1a8-495b-96bf-04b1b0497a00,Emma Berginger,MP,Skåne läns södra,224,2022-09-26
0616721755222,88e092fa-1769-43c7-bfef-9d260811c982,Louise Meijer,M,Skåne läns södra,225,2022-09-26
0951905661227,84cd5a15-44cb-48ed-8433-b907f2d8b8bf,Christofer Bergenblock,C,Hallands län,226,2022-09-26
0926477102420,5a57c315-9b8d-4ef6-bd2b-c26e53a6d3b7,Cecilia Rönn,L,Hallands län,227,2022-09-26
0972636989226,16ae6544-53b6-4e7f-be85-4cb7a605bae3,Dzenan Cisija,S,Göteborgs kommun,228,2022-09-26
0662032691523,0e5801ac-d595-455d-83b3-f00f7d8d26bd,Amalia Rud Pedersen,S,Göteborgs kommun,229,2022-09-26
0226631365426,39797ca4-c136-41c6-bf6b-feb256dee6b3,Mikael Larsson,C,Västra Götalands läns södra,230,2022-09-26
0410640630411,3aebee98-eff2-4092-9618-b017c1821b84,Ulrik Nilsson,M,Västra Götalands läns södra,231,2022-09-26
0682989845822,de1f77c9-338c-4547-a223-9898cd8ed084,Håkan Svenneling,V,Värmlands län,232,2022-09-26
074310796828,ddd14cee-8327-4c95-a2d5-b3ce4dbb3a8f,Magnus Resare,M,Värmlands län,233,2022-10-18
068822158616,eefa5137-f4ca-4462-8d51-a8267b469507,Katarina Tolgfors,M,Örebro län,234,2022-10-18
0903081277919,bcf8f6dc-7be4-46d3-bb3e-df793b2c5256,Helena Vilhelmsson,C,Örebro län,235,2022-09-26
0296384583518,473cc883-b475-42fe-8553-4f1a6bd17a54,Åsa Eriksson,S,Västmanlands län,236,2022-09-26
0228027853620,9d24d55a-be20-4caa-ac48-4da11b50969c,Vasiliki Tsouplaki,V,Västmanlands län,237,2022-09-26
0407081382317,c2917e84-a1f8-4de8-9c71-a492eee1f43f,Anna-Caren Sätherberg,S,Jämtlands län,238,2022-10-18
0472349361027,f8d1d1b6-f008-446e-a7f8-dd324fbb71d4,Kalle Olsson,S,Jämtlands län,239,2022-09-26
084624777218,6cca7c48-b127-4d65-8052-ac3588a50dbd,Helena Lindahl,C,Västerbottens län,240,2022-09-26
0273506284025,eaa4ca85-20f4-4375-8b76-61febbcf37f6,Edward Riedl,M,Västerbottens län,241,2022-09-26
0210444373111,afba72e1-895f-427e-b7a0-ce3bd362667d,Katarina Luhr,MP,Stockholms kommun,242,2022-10-18
0783069490115,04f42c2c-9467-4900-ae83-068c93492e09,Mirja Räihä,S,Stockholms kommun,243,2022-09-26
0504851635310,164a2468-a56f-45a7-a8a1-5ab6af559e19,Daniel Helldén,MP,Stockholms kommun,244,2022-09-26
0161972600410,e97a0939-8ba6-40c6-973e-2cc03cfb475c,Elsa Widding,SD,Stockholms kommun,245,2022-09-26
019430605328,698a36fb-19f3-48cf-bfda-20a17195fbd5,Josefin Malmqvist,M,Stockholms län,246,2022-09-26
0557180142229,08bb4baa-24ca-4395-baf7-c907a4d5b776,Fredrik Lindahl,SD,Stockholms län,247,2022-09-26
041911485722,af75fe5c-7d6c-493e-91d6-b44a1445c718,Magdalena Thuresson,M,Stockholms län,248,2022-09-26
0389220391128,2774ffff-fec1-459c-b172-974af448f147,Christian Carlsson,KD,Stockholms län,249,2022-09-26
0119851690521,c5cc2c67-3638-430e-bccb-a04db799a9f0,David Perez,SD,Uppsala län,250,2022-09-26
0986091320811,0f4ba90a-2db5-4fa8-b583-3f96edca5028,Catarina Deremar,C,Uppsala län,251,2022-09-26
025877594729,5d1ac61d-4464-41a4-bae0-42ea3782cba8,John Widegren,M,Östergötlands län,252,2022-09-26
0719332223713,3eae18dc-594f-44eb-95a8-0e5b2b71d645,Juno Blom,L,Östergötlands län,253,2022-09-26
0760500234712,6f818cd1-9a97-412f-bc59-1d1e8a2ceb19,Monica Haider,S,Kronobergs län,254,2022-09-26
0768554866215,243a8476-df07-435b-b2e8-50d03926ae51,Katja Nyberg,SD,Kronobergs län,255,2022-09-26
0130789484021,cb0336b4-54a8-4384-abe3-8d6cbebc63fa,Mattias Bäckström Johansson,SD,Kalmar län,256,2022-09-26
0619928872229,f65cb6f1-7001-4e8e-8d32-89d534577ab0,Laila Naraghi,S,Kalmar län,257,2022-09-26
0591055036519,9582a1f0-fdb6-4f0e-a066-bc410e032160,Mauricio Rojas,L,Skåne läns västra,258,2022-09-26
0764949934324,7c4e35b2-f653-4746-bb03-351abbd566eb,Ulrika Heindorff,M,Skåne läns västra,259,2022-09-26
0847676507229,7b077f5d-490e-4aab-84a0-7ecd607fe309,Stina Larsson,C,Skåne läns södra,260,2022-09-26
0256404677510,6225d351-aa7a-4a12-94a0-084b7077a7af,Cecilia Engström,KD,Skåne läns södra,261,2022-09-26
0362779191527,0a518d5d-b7c9-41bd-ba06-c2d09a873ed4,Erik Hellsborn,SD,Hallands län,262,2022-09-26
0710595759638,17eb4f01-2fcf-42ab-a19d-659b568cf1bb,Aida Birinxhiku,S,Hallands län,263,2022-09-26
0237055280513,e3b6587d-15fd-4a54-a95b-c1eaa56d2f68,Roland Utbult,KD,Västra Götalands läns västra,264,2022-09-26
0984153507725,8809a02f-3918-49da-8228-3894a61bc72e,Gustaf Göthberg,M,Göteborgs kommun,265,2022-09-26
0469384565811,f0d945f3-9449-458e-ba40-1a0da1a72303,Anders Alftberg,SD,Västra Götalands läns södra,266,2022-09-26
0855286184126,86ae6051-9a2a-46a7-8a37-730918cdc428,Jessica Rodén,S,Västra Götalands läns södra,267,2022-09-26
0456680171315,a4dcaec3-1333-46f3-a7df-632d40399505,Charlotte Quensel,SD,Värmlands län,268,2022-09-26
0358514648113,ac019194-2cf6-4ebd-8d29-29e1f3950cdf,Marléne Lund Kopparklint,M,Värmlands län,269,2022-09-26
0494242537816,f270f5c5-c28f-4267-8dff-0bead595f631,Hans Eklind,KD,Örebro län,270,2022-09-26
0466653728712,47705a06-b78d-469f-9ebe-8f7407607be6,Denis Begic,S,Örebro län,271,2022-09-26
02658325625,a7ca5ca6-2e77-4360-8369-0671993019c4,Angelica Lundberg,SD,Västmanlands län,272,2022-09-26
066036027425,cd568a26-75c0-401e-a4de-d43589a8dc21,Mikael Damsgaard,M,Västmanlands län,273,2022-09-26
0494054455310,1b1880b5-b042-47b6-8669-8a51e1908365,David Lång,SD,Västernorrlands län,274,2022-09-26
0628005785225,fe6f437b-729a-4943-8e41-f43d39a5605f,Jörgen Berglund,M,Västernorrlands län,275,2022-09-26
0482689573825,7ef75999-90a2-41af-a083-6dfd70e8e3e8,Björn Wiechel,S,Västerbottens län,276,2022-09-26
0648224557612,317c6cc9-dcd5-4dcc-b275-9e17d973da4c,Åsa Karlsson,S,Västerbottens län,277,2022-09-26
0602744999917,0a3d47e0-9e04-4726-b141-966d1ba8064d,Elisabeth Thand Ringqvist,C,Stockholms kommun,278,2022-09-26
0283284978818,cf706551-1349-419e-bae8-c9947f280868,Markus Kallifatides,S,Stockholms kommun,279,2022-09-26
0469084171710,248bc1d8-761c-48b4-9979-7fed912abba7,Ulrika Westerlund,MP,Stockholms kommun,280,2022-09-26
0229627943828,1c1e2336-5f43-4256-8bc3-01d3a0e9453b,Jytte Guteland,S,Stockholms kommun,281,2022-09-26
0386912710815,877b0e37-b0b9-486b-b352-9ad52fe091cb,Mats Arkhem,SD,Stockholms län,282,2022-09-26
0314794471216,1edbe16b-af33-40be-af44-b4e1ab1703df,Anna Starbrink,L,Stockholms län,283,2022-09-26
0349986646724,50f598e2-c287-447d-83f1-ad32372b0e82,Märta Stenevi,MP,Stockholms län,284,2022-09-26
0985426914829,b2b99439-43f1-4b95-8aec-9f1e83044e76,Anna Lasses,C,Stockholms län,285,2022-09-26
0970709885516,464de516-7b8b-4ddf-828e-9f373fd52d8e,Inga-Lill Sjöblom,S,Uppsala län,286,2022-09-26
0254161225015,54539077-d9db-4e0e-9bcc-384db3f31333,Lars Wistedt,SD,Uppsala län,287,2022-09-26
0130640724922,6977f22f-363b-40fb-8f8f-8163b4492345,Clara Aranda,SD,Östergötlands län,288,2022-09-26
025931369428,9944df03-e946-4046-aeef-c49117503a0c,Jonas Andersson,SD,Östergötlands län,289,2022-09-26
071293048118,90b66947-2ca5-450f-a304-6e3d8af3dcb6,Thomas Ragnarsson,M,Kronobergs län,290,2022-09-26
039102787629,6dc591b2-0f19-47a8-a143-355f8490952f,Oliver Rosengren,M,Kronobergs län,291,2022-09-26
0457722435319,173d7387-fa63-4689-ac8c-e12f278487bd,Tomas Kronståhl,S,Kalmar län,292,2022-09-26
0304498908019,aecfc5a6-954f-41b7-8593-998f1c446e1b,Gudrun Brunegård,KD,Kalmar län,293,2022-09-26
0333193598116,24c753af-11ea-4c6f-90f9-f4142fc71e19,Bo Broman,SD,Skåne läns västra,294,2022-09-26
0430865615328,669411b1-9abf-48dd-86c3-628cc7c5d137,Linda Lindberg,SD,Skåne läns västra,295,2022-09-26
0985943148917,9538493f-67cc-4713-9b97-94cc2e32c4db,Victoria Tiblom,SD,Skåne läns södra,296,2022-09-26
0717363246311,32b8d916-3679-4cee-9235-759fff057b09,Jessica Stegrud,SD,Skåne läns södra,297,2022-09-26
0144048894712,efb2daaa-8053-411f-9fc7-dfcca1395bb0,Ellen Juntti,M,Västra Götalands läns västra,298,2022-09-26
098329342620,42d366d4-89aa-4ccf-8e75-38f7d2d9d5eb,Jennie Wernäng,M,Västra Götalands läns västra,299,2022-10-25
0316505710324,7e408079-a5cd-432a-a30e-fd61fd15c65a,Janine Alm Ericson,MP,Västra Götalands läns västra,300,2022-09-26
0899169869710,5e7c5792-d4ff-4d8e-999f-92e1a7af86f3,Helena Gellerman,L,Västra Götalands läns västra,301,2022-09-26
0737666060225,a6a8678d-8fe2-414c-9dc4-da76ad161d23,Joakim Järrebring,S,Västra Götalands läns västra,302,2022-09-26
0279488554424,300c041c-1f7e-4daa-97e0-4d2ec8e6f4f5,Alexander Christiansson,SD,Västra Götalands läns västra,303,2022-09-26
0509415296421,708eae46-00f3-433c-ba07-7129def782fb,Kjell-Arne Ottosson,KD,Värmlands län,304,2022-09-26
0369212790927,61011e4f-56d9-4eba-8071-3831cd36137b,Sofia Skönnbrink,S,Värmlands län,305,2022-09-26
0694917698222,6025366f-76b8-4664-a3ef-ea0864fc8365,Michael Rubbestad,SD,Örebro län,306,2022-09-26
0492644357418,f3da7403-18a0-454d-bcac-9a0a36783d38,Per Söderlund,SD,Örebro län,307,2022-09-26
0910803550317,266eead2-8511-44a9-90e2-ebd76d779ba7,Lena Johansson,S,Västmanlands län,308,2022-09-26
0525562399327,4f4ca426-62df-4eb0-8f56-6a6ae9bdf4e9,Caroline Högström,M,Västmanlands län,309,2022-09-26
0203877548421,39523176-322e-469e-a754-3c46db2b0756,Malin Larsson,S,Västernorrlands län,310,2022-09-26
0947572086414,4777adeb-0a0f-4154-ace9-0c5f149f228b,Anne-Li Sjölund,C,Västernorrlands län,311,2022-09-26
0961483563503,66a97750-1ac5-4f8d-be57-ac4c1c733ee9,Gudrun Nordborg,V,Västerbottens län,312,2022-09-26
0926002991620,cec98313-41c4-4274-993a-939aa4859766,Pontus Andersson,SD,Västerbottens län,313,2022-09-26
0600069352021,6bb98a9d-c575-4c86-9470-48b1ecc5dc16,Fredrik Kärrholm,M,Stockholms kommun,314,2022-09-26
0245113256029,09770274-5c74-4a51-9629-4608f79a8cf2,Daniel Vencu Velasquez Castro,S,Stockholms kommun,315,2022-09-26
0477013214601,a42e43ac-6538-4668-88b8-32caedd54491,Carl B Hamilton,L,Stockholms kommun,316,2022-10-18
0678597762924,8fd0a93e-226a-4fb5-ae65-bdecf1387a0c,Martin Westmont,SD,Stockholms kommun,317,2022-10-12
0888807074321,cc9a2dce-628c-4cbe-9e82-489b1078f7b8,Amanda Lind,MP,Stockholms län,318,2022-09-26
0802091197024,352b875d-e44d-43f5-bf93-e507770c12de,Andrea Andersson Tay,V,Stockholms län,319,2022-09-26
0663851410627,f88c7f71-d34e-474d-b010-625adb5fdc90,Beatrice Timgren,SD,Stockholms län,320,2022-09-26
0966063008623,57476cc3-4db3-4fad-8ec7-e30f317f83a4,Leonid Yurkovskiy,SD,Stockholms län,321,2022-09-26
0222102752213,7aa3686d-39b7-4b72-9790-1ec8f7541b0d,Stefan Olsson,M,Uppsala län,322,2022-09-26
0604604418610,03ba2d14-85d1-4f21-95e2-39e5e93aa2f9,Jacob Risberg,MP,Uppsala län,323,2022-09-26
0546731406922,67e327d0-b2ca-47eb-802a-c140187f0e0c,Rebecka Le Moine,MP,Östergötlands län,324,2022-09-26
0742883909221,5af2318e-82dc-4271-b219-c12b3d74d11a,John Weinerhall,M,Östergötlands län,325,2022-09-26
0251136832626,8f411454-d7ac-46dd-b505-ad4de24ad18b,Muharrem Demirok,C,Östergötlands län,326,2022-09-26
0345062474310,b609b532-9d1d-47ef-9379-a1d59ebd5c9c,Mona Olin,SD,Kalmar län,327,2022-09-26
0764422217512,0e002235-3df2-4fab-806a-88218d9d9337,Lars Engsund,M,Kalmar län,328,2022-09-26
0749416304126,8c8b9102-1695-4533-a2a2-f95b98c63032,Marie Nicholson,M,Kalmar län,329,2022-09-26
0271338654822,002ed7e8-1202-46df-a87c-8585e5b92012,Ola Möller,S,Skåne läns västra,330,2022-09-26
0475643059428,946642dd-825a-47fb-b150-37373b873083,Jonny Cato,C,Skåne läns västra,331,2022-09-26
0360160202728,e09d9076-28c7-4583-a17f-7a776de7f01f,Emma Ahlström Köster,M,Skåne läns södra,332,2022-10-12
0448973586529,c4654ce3-db1d-4106-976f-3cd2fdcc5767,Adrian Magnusson,S,Skåne läns södra,333,2022-09-26
0481460392727,dc0c1e6e-450b-4763-be41-c3f810d50b72,Jessica Wetterling,V,Västra Götalands läns västra,334,2022-09-26
0331791853028,ae22d593-d382-40dc-918c-df30916b6d9e,Yasmine Eriksson,SD,Västra Götalands läns västra,335,2022-09-26
0523902030928,d6bcb84c-0102-4eca-b564-c21bd7cf1f4e,Aylin Fazelian,S,Västra Götalands läns västra,336,2022-09-26
0709911904721,0e87a191-cc1d-47c5-b4dd-4f8e5e2a03a6,Johanna Rantsi,M,Västra Götalands läns västra,337,2022-09-26
0837394708917,59b84d84-3bc8-4175-a3b7-16f5ed8f6b25,Anders Ådahl,C,Västra Götalands läns västra,338,2022-09-26
0157618290428,8015861a-48f7-4eba-8004-e32d1f0c2034,Rashid Farivar,SD,Västra Götalands läns västra,339,2022-09-26
0692076685824,94f81deb-b316-4a83-8712-1e4d9f102ec2,Camilla Hansén,MP,Örebro län,340,2022-09-26
027964311318,d87ac679-3d42-4cc6-ae5f-bb6b7511c9f1,Karin Sundin,S,Örebro län,341,2022-09-26
0890152141226,dc9b8a2d-c038-4add-a103-c810a0890f80,Nadja Awad,V,Örebro län,342,2022-09-26
0372414474424,550799bc-79b5-4dff-a26a-94c96a61ab5b,Oskar Svärd,M,Örebro län,343,2022-09-26
07921826010,0a614b1d-8d24-4794-838d-8fbed7b503c5,Anna-Belle Strömberg,S,Västernorrlands län,344,2022-09-26
0591020192311,0ce4c821-ec93-4deb-9fce-8b31f7355518,Ulf Lindholm,SD,Västernorrlands län,345,2022-09-26
0140985614421,b7a4d732-085d-41da-8a57-901bcf117edf,Peder Björk,S,Västernorrlands län,346,2022-09-26
048561486727,365adb89-478a-4061-880a-f1113e1267d7,Isabell Mixter,V,Västernorrlands län,347,2022-09-26
0589561178823,162c225d-c946-4fde-ae8b-69bf837f2a64,Peter Hedberg,S,Västernorrlands län,348,2022-09-26
0514669448526,7deadf3b-519f-4d81-a43d-1b071c88ca27,Elin Söderberg,MP,Västerbottens län,349,2022-09-26
